animal,block_key,block_path,eye,axis,rest_phi_deg,rest_theta_deg,rest_ecc_deg,rest_phi_corr_deg,rest_theta_corr_deg,n_lookup_nan,n,mean_deg,std_deg,sem_deg,n_abs,mean_abs_deg,std_abs_deg,median_abs_deg,p95_abs_deg
PV_106,PV_106_block_008,/Volumes/Data-1/Nimrod/experiments/PV_106/2025_08_06/block_008,L,phi,-13.585779190063477,-43.05963516235352,45.15202737991011,-14.496983527293224,-35.20254971606184,0,52088,0.3886313133201928,1.3125749103302051,0.0057511574483428,52088,0.824149175455316,1.0930028312087192,0.4343454888602194,3.6209207907644174
PV_106,PV_106_block_008,/Volumes/Data-1/Nimrod/experiments/PV_106/2025_08_06/block_008,L,theta,-13.585779190063477,-43.05963516235352,45.15202737991011,-14.496983527293224,-35.20254971606184,0,52088,-0.1553398693842087,1.223417724768867,0.005360507735493,52088,0.9726817978905596,0.7581252031115188,0.8405628817507313,2.6050944998581356
PV_106,PV_106_block_008,/Volumes/Data-1/Nimrod/experiments/PV_106/2025_08_06/block_008,L,hypot,-13.585779190063477,-43.05963516235352,45.15202737991011,-14.496983527293224,-35.20254971606184,0,52088,1.3916230647547174,1.2075264077460366,0.0052908785923938,52088,1.3916230647547174,1.2075264077460366,1.0484344077306034,4.042030593780836
PV_106,PV_106_block_008,/Volumes/Data-1/Nimrod/experiments/PV_106/2025_08_06/block_008,R,phi,6.654082298278809,-42.897987365722656,43.410990903940075,8.160530644715282,-36.51098908180623,0,53467,0.0191705863016105,0.3943709841782935,0.0017055405360338,53467,0.3004506037557391,0.2561713054660579,0.2426312105701118,0.7523084176649819
PV_106,PV_106_block_008,/Volumes/Data-1/Nimrod/experiments/PV_106/2025_08_06/block_008,R,theta,6.654082298278809,-42.897987365722656,43.410990903940075,8.160530644715282,-36.51098908180623,0,53467,0.0102622642505419,0.4517702131392576,0.0019537756133024,53467,0.353796244689085,0.2811183338271546,0.2860744917254649,0.9367894784425372
PV_106,PV_106_block_008,/Volumes/Data-1/Nimrod/experiments/PV_106/2025_08_06/block_008,R,hypot,6.654082298278809,-42.897987365722656,43.410990903940075,8.160530644715282,-36.51098908180623,0,53467,0.4830558764494637,0.3560200680226434,0.001539683906815,53467,0.4830558764494637,0.3560200680226434,0.3921654140355547,1.178740721472983
PV_106,PV_106_block_009,/Volumes/Data-1/Nimrod/experiments/PV_106/2025_08_06/block_009,L,phi,-17.727107048034668,-42.58493423461914,46.12729070798888,-18.93923410523116,-34.28999434247617,0,49552,0.0689652374229365,0.7429824208530872,0.0033377049618969,49552,0.5295380726905243,0.5257023380176862,0.391907489661758,1.5787105406639017
PV_106,PV_106_block_009,/Volumes/Data-1/Nimrod/experiments/PV_106/2025_08_06/block_009,L,theta,-17.727107048034668,-42.58493423461914,46.12729070798888,-18.93923410523116,-34.28999434247617,0,49552,-0.0970437999141978,1.083845313763874,0.0048689656446041,49552,0.8161063837452203,0.7197883594788562,0.6296041958530232,2.297379030635286
PV_106,PV_106_block_009,/Volumes/Data-1/Nimrod/experiments/PV_106/2025_08_06/block_009,L,hypot,-17.727107048034668,-42.58493423461914,46.12729070798888,-18.93923410523116,-34.28999434247617,0,49552,1.0351796250971268,0.8181069909405799,0.0036751875769681,49552,1.0351796250971268,0.8181069909405799,0.8050825537012378,2.686204429091712
PV_106,PV_106_block_009,/Volumes/Data-1/Nimrod/experiments/PV_106/2025_08_06/block_009,R,phi,27.34492111206055,-35.46980285644531,44.78673492564412,28.558842363330857,-26.61452681788043,0,50909,-0.0503896758695915,0.5280384986618412,0.0023402826041505,50909,0.4111766970419002,0.335103309702785,0.3525072298173981,1.0725063138995388
PV_106,PV_106_block_009,/Volumes/Data-1/Nimrod/experiments/PV_106/2025_08_06/block_009,R,theta,27.34492111206055,-35.46980285644531,44.78673492564412,28.558842363330857,-26.61452681788043,0,50909,-0.2995992834990662,1.4180358508123363,0.0062847777995884,50909,1.085020304744822,0.960882397021342,0.7412149263021064,3.206699546643228
PV_106,PV_106_block_009,/Volumes/Data-1/Nimrod/experiments/PV_106/2025_08_06/block_009,R,hypot,27.34492111206055,-35.46980285644531,44.78673492564412,28.558842363330857,-26.61452681788043,0,50909,1.227794128093484,0.935116549216645,0.0041444648421108,50909,1.227794128093484,0.935116549216645,0.9324090716147354,3.218520421398919
PV_106,PV_106_block_010,/Volumes/Data-1/Nimrod/experiments/PV_106/2025_08_06/block_010,L,phi,-10.522362232208252,-43.67327690124512,44.922992133635006,-11.379467892392723,-36.38137750509948,0,47864,0.4419732256530811,1.4489557212296136,0.0066229369272087,47864,0.8833013033585342,1.230682575592826,0.5175560867726574,4.061659425108472
PV_106,PV_106_block_010,/Volumes/Data-1/Nimrod/experiments/PV_106/2025_08_06/block_010,L,theta,-10.522362232208252,-43.67327690124512,44.922992133635006,-11.379467892392723,-36.38137750509948,0,47864,0.085278008870301,1.126205823602343,0.0051477005318311,47864,0.8437185763869832,0.7508236402944469,0.6499430819405134,2.304870591799016
PV_106,PV_106_block_010,/Volumes/Data-1/Nimrod/experiments/PV_106/2025_08_06/block_010,L,hypot,-10.522362232208252,-43.67327690124512,44.922992133635006,-11.379467892392723,-36.38137750509948,0,47864,1.290402841927058,1.3803096968489632,0.0063091673046347,47864,1.290402841927058,1.3803096968489632,0.8997734311390233,4.401790303187745
PV_106,PV_106_block_010,/Volumes/Data-1/Nimrod/experiments/PV_106/2025_08_06/block_010,R,phi,18.34208297729492,-41.04368591308594,44.95571333299051,20.880951797737477,-33.097019226899384,0,47199,-0.1444894356051286,0.6559845362138679,0.0030194455546829,47199,0.5422821491638523,0.396380109521864,0.4628916652350447,1.3023608268389395
PV_106,PV_106_block_010,/Volumes/Data-1/Nimrod/experiments/PV_106/2025_08_06/block_010,R,theta,18.34208297729492,-41.04368591308594,44.95571333299051,20.880951797737477,-33.097019226899384,0,47199,-0.0269968839334308,0.906623392668651,0.0041731166233961,47199,0.7263320231449818,0.543254487250637,0.6289427665902068,1.6924878898207123
PV_106,PV_106_block_010,/Volumes/Data-1/Nimrod/experiments/PV_106/2025_08_06/block_010,R,hypot,18.34208297729492,-41.04368591308594,44.95571333299051,20.880951797737477,-33.097019226899384,0,47199,0.9395329053181246,0.6254177737293708,0.002878749135774,47199,0.9395329053181246,0.6254177737293708,0.7779900930603387,2.0877889166164176
PV_106,PV_106_block_011,/Volumes/Data-1/Nimrod/experiments/PV_106/2025_08_06/block_011,L,phi,-17.197317123413086,-39.99274444580078,43.533519551609494,-17.958187323010677,-32.24514505085767,0,108835,0.136886805741211,1.080186896833131,0.0032742709425557,108835,0.7626964244175115,0.7770654548598146,0.6238092971856872,2.041253201563924
PV_106,PV_106_block_011,/Volumes/Data-1/Nimrod/experiments/PV_106/2025_08_06/block_011,L,theta,-17.197317123413086,-39.99274444580078,43.533519551609494,-17.958187323010677,-32.24514505085767,0,108835,-0.1680231114864735,1.706955972596953,0.0051741382511507,108835,1.296994647180034,1.122372552428306,1.0338545702757571,3.1897469901988056
PV_106,PV_106_block_011,/Volumes/Data-1/Nimrod/experiments/PV_106/2025_08_06/block_011,L,hypot,-17.197317123413086,-39.99274444580078,43.533519551609494,-17.958187323010677,-32.24514505085767,0,108835,1.5694738592131403,1.2900394535816122,0.0039103776485313,108835,1.5694738592131403,1.2900394535816122,1.2372225298268564,3.690478568210207
PV_106,PV_106_block_011,/Volumes/Data-1/Nimrod/experiments/PV_106/2025_08_06/block_011,R,phi,15.237301826477053,-35.542009353637695,38.670528776385126,16.474001198727628,-29.093833574315227,0,118384,0.0114378653139269,0.7323286690295369,0.0021284307817267,118384,0.5954087222427121,0.4265226420866561,0.5195742690707643,1.4296725159729629
PV_106,PV_106_block_011,/Volumes/Data-1/Nimrod/experiments/PV_106/2025_08_06/block_011,R,theta,15.237301826477053,-35.542009353637695,38.670528776385126,16.474001198727628,-29.093833574315227,0,118384,-0.13422767904104,1.399047755996254,0.0040661747039265,118384,1.127028575494364,0.839730734262867,0.9858404792140584,2.734240145253301
PV_106,PV_106_block_011,/Volumes/Data-1/Nimrod/experiments/PV_106/2025_08_06/block_011,R,hypot,15.237301826477053,-35.542009353637695,38.670528776385126,16.474001198727628,-29.093833574315227,0,118384,1.3201402997951464,0.8769280576654673,0.0025486926160741,118384,1.3201402997951464,0.8769280576654673,1.1736665105857331,2.9183367011034935
PV_106,PV_106_block_012,/Volumes/Data-1/Nimrod/experiments/PV_106/2025_08_06/block_012,L,phi,-9.613146305084229,-42.25788688659668,43.33753091724717,-10.142454270064825,-35.33233148026983,0,80492,0.2678763993524576,1.4200117318158572,0.0050051324332663,80492,0.9754117354145704,1.0661857724792472,0.7038387201446503,3.4286075514568317
PV_106,PV_106_block_012,/Volumes/Data-1/Nimrod/experiments/PV_106/2025_08_06/block_012,L,theta,-9.613146305084229,-42.25788688659668,43.33753091724717,-10.142454270064825,-35.33233148026983,0,80492,0.1893191693429607,1.6214570200957017,0.0057151690641671,80492,1.1717208775744126,1.1366697802386287,0.8695985579564987,3.216524732579947
PV_106,PV_106_block_012,/Volumes/Data-1/Nimrod/experiments/PV_106/2025_08_06/block_012,L,hypot,-9.613146305084229,-42.25788688659668,43.33753091724717,-10.142454270064825,-35.33233148026983,0,80492,1.611627417247691,1.4682580957551978,0.0051751869726265,80492,1.611627417247691,1.4682580957551978,1.2222451665811729,4.100058406280045
PV_106,PV_106_block_012,/Volumes/Data-1/Nimrod/experiments/PV_106/2025_08_06/block_012,R,phi,17.132087707519528,-31.953716278076172,36.25670163153195,17.850619012490338,-25.657423709563133,0,92811,0.070386570239708,0.7307317836418181,0.0023986024428432,92811,0.5276344903708583,0.5104136628161835,0.4437122045725061,1.5711223504389364
PV_106,PV_106_block_012,/Volumes/Data-1/Nimrod/experiments/PV_106/2025_08_06/block_012,R,theta,17.132087707519528,-31.953716278076172,36.25670163153195,17.850619012490338,-25.657423709563133,0,92811,-0.2339671621996361,1.714800676362839,0.0056287754048607,92811,1.3436061144965563,1.0908646754843194,1.183650141733693,3.118932697504876
PV_106,PV_106_block_012,/Volumes/Data-1/Nimrod/experiments/PV_106/2025_08_06/block_012,R,hypot,17.132087707519528,-31.953716278076172,36.25670163153195,17.850619012490338,-25.657423709563133,0,92811,1.5159863448937725,1.1117402953261506,0.0036492500365683,92811,1.5159863448937725,1.1117402953261506,1.3133205326906994,3.2493657940050853
PV_143,PV_143_block_001,/Volumes/Data-1/Nimrod/experiments/PV_143/2025_08_25/block_001,L,phi,-4.765095924234248,-22.920942243820747,23.411017331840156,-3.989962061897594,-19.244634085303748,0,58033,-0.1007367355953685,0.3264027952196331,0.0013549284387627,58033,0.2448291422697415,0.2382110570213677,0.1649495051878062,0.7473023131763008
PV_143,PV_143_block_001,/Volumes/Data-1/Nimrod/experiments/PV_143/2025_08_25/block_001,L,theta,-4.765095924234248,-22.920942243820747,23.411017331840156,-3.989962061897594,-19.244634085303748,0,58033,0.0991649054534125,0.7501544215271835,0.0031139609527756,58033,0.5794298677127261,0.486642319424094,0.4495794687671548,1.6609079706430585
PV_143,PV_143_block_001,/Volumes/Data-1/Nimrod/experiments/PV_143/2025_08_25/block_001,L,hypot,-4.765095924234248,-22.920942243820747,23.411017331840156,-3.989962061897594,-19.244634085303748,0,58033,0.664690279674731,0.4974249414672911,0.0020648573149945,58033,0.664690279674731,0.4974249414672911,0.5294082940584136,1.7152791874161952
PV_143,PV_143_block_001,/Volumes/Data-1/Nimrod/experiments/PV_143/2025_08_25/block_001,R,phi,-6.081558283765075,-32.332562548209125,32.89954334170441,-5.639996479325692,-27.382683365130298,0,65020,0.2111094640200659,0.3173204219363409,0.0012444416571736,65020,0.2838729374055938,0.2543129124625851,0.1859894437012248,0.8272239363854709
PV_143,PV_143_block_001,/Volumes/Data-1/Nimrod/experiments/PV_143/2025_08_25/block_001,R,theta,-6.081558283765075,-32.332562548209125,32.89954334170441,-5.639996479325692,-27.382683365130298,0,65020,0.2741266657243428,0.7010853552131514,0.0027494600440077,65020,0.5554687225311159,0.5080521751986679,0.3950914943696482,1.6054725178081886
PV_143,PV_143_block_001,/Volumes/Data-1/Nimrod/experiments/PV_143/2025_08_25/block_001,R,hypot,-6.081558283765075,-32.332562548209125,32.89954334170441,-5.639996479325692,-27.382683365130298,0,65020,0.6575334176208495,0.5287443204810307,0.0020735868633522,65020,0.6575334176208495,0.5287443204810307,0.5269058856899604,1.7166042948217546
PV_143,PV_143_block_002,/Volumes/Data-1/Nimrod/experiments/PV_143/2025_08_25/block_002,L,phi,6.717270756725407,-22.73536582355421,23.706931171073055,7.152951296809501,-19.16925819338528,0,52763,-0.2081405008292027,0.4651549482077345,0.0020250367302655,52763,0.3768917370080983,0.3429902933989723,0.2360380024152721,1.1022821544342627
PV_143,PV_143_block_002,/Volumes/Data-1/Nimrod/experiments/PV_143/2025_08_25/block_002,L,theta,6.717270756725407,-22.73536582355421,23.706931171073055,7.152951296809501,-19.16925819338528,0,52763,0.2578388556892318,0.773419121280449,0.0033670546438714,52763,0.6466113983559068,0.4965330279173828,0.6103656085131277,1.5830415378340092
PV_143,PV_143_block_002,/Volumes/Data-1/Nimrod/experiments/PV_143/2025_08_25/block_002,L,hypot,6.717270756725407,-22.73536582355421,23.706931171073055,7.152951296809501,-19.16925819338528,0,52763,0.8211769264680807,0.5000073624527545,0.0021767655665523,52763,0.8211769264680807,0.5000073624527545,0.7897893203431406,1.935449176805048
PV_143,PV_143_block_002,/Volumes/Data-1/Nimrod/experiments/PV_143/2025_08_25/block_002,R,phi,-7.349963001021514,-34.69546594598704,35.46543829315424,-6.9817741801830175,-29.50919334758991,0,44031,0.040686606990514,0.4530273429294678,0.0021589627071741,44031,0.3275676673166792,0.315572808347058,0.2246660699627334,0.9621917092575004
PV_143,PV_143_block_002,/Volumes/Data-1/Nimrod/experiments/PV_143/2025_08_25/block_002,R,theta,-7.349963001021514,-34.69546594598704,35.46543829315424,-6.9817741801830175,-29.50919334758991,0,44031,0.1828062876358995,0.7609821320089092,0.0036265626555987,44031,0.560904715813143,0.5457943361301241,0.4103147327957934,1.6467400295633148
PV_143,PV_143_block_002,/Volumes/Data-1/Nimrod/experiments/PV_143/2025_08_25/block_002,R,hypot,-7.349963001021514,-34.69546594598704,35.46543829315424,-6.9817741801830175,-29.50919334758991,0,44031,0.6749935839025574,0.6031378183117824,0.0028743343582779,44031,0.6749935839025574,0.6031378183117824,0.4980417355304909,1.892000585854844
PV_143,PV_143_block_003,/Volumes/Data-1/Nimrod/experiments/PV_143/2025_08_25/block_003,L,phi,-3.3411342023697257,-23.22943620090117,23.468487040497145,-2.6384374546224767,-19.582907010862716,0,60200,-0.1270444645536408,0.3055838104747221,0.001245466631416,60200,0.2466489616787027,0.2206474754891019,0.1841079552882374,0.7012643098030539
PV_143,PV_143_block_003,/Volumes/Data-1/Nimrod/experiments/PV_143/2025_08_25/block_003,L,theta,-3.3411342023697257,-23.22943620090117,23.468487040497145,-2.6384374546224767,-19.582907010862716,0,60200,-9.662829663474717e-06,0.7510723996169646,0.0030611425718114,60200,0.5843241889038007,0.4718785013684565,0.4769214278828162,1.5456192464121004
PV_143,PV_143_block_003,/Volumes/Data-1/Nimrod/experiments/PV_143/2025_08_25/block_003,L,hypot,-3.3411342023697257,-23.22943620090117,23.468487040497145,-2.6384374546224767,-19.582907010862716,0,60200,0.6856437942605622,0.4511280938297211,0.0018386608455677,60200,0.6856437942605622,0.4511280938297211,0.5841661465881431,1.6028107318069986
PV_143,PV_143_block_003,/Volumes/Data-1/Nimrod/experiments/PV_143/2025_08_25/block_003,R,phi,-12.211777088319216,-31.632003931435236,33.907391117175806,-11.662571703934962,-26.183622673753817,0,61673,0.3252181646663403,0.8070929244693015,0.0032499449354883,61673,0.5935113988422759,0.636322297290914,0.3646252525087554,1.916077821054945
PV_143,PV_143_block_003,/Volumes/Data-1/Nimrod/experiments/PV_143/2025_08_25/block_003,R,theta,-12.211777088319216,-31.632003931435236,33.907391117175806,-11.662571703934962,-26.183622673753817,0,61673,0.0302490540137229,1.0571039566473803,0.004256671748733,61673,0.8040027970410205,0.6869882211705571,0.619719537032065,2.195491633504333
PV_143,PV_143_block_003,/Volumes/Data-1/Nimrod/experiments/PV_143/2025_08_25/block_003,R,hypot,-12.211777088319216,-31.632003931435236,33.907391117175806,-11.662571703934962,-26.183622673753817,0,61673,1.0934595272921772,0.8245472869904427,0.0033202289329785,61673,1.0934595272921772,0.8245472869904427,0.8690467849397024,2.945102649554403
PV_143,PV_143_block_004,/Volumes/Data-1/Nimrod/experiments/PV_143/2025_08_25/block_004,L,phi,8.836101872565491,-19.082913307908584,21.02936700472722,8.818831978597519,-15.876361787394377,0,45208,-0.1804021973408099,0.8398304651667253,0.0039498806909347,45208,0.6795612327385133,0.5254019400298794,0.5709755899979871,1.948779788382659
PV_143,PV_143_block_004,/Volumes/Data-1/Nimrod/experiments/PV_143/2025_08_25/block_004,L,theta,8.836101872565491,-19.082913307908584,21.02936700472722,8.818831978597519,-15.876361787394377,0,45208,0.172452807393172,0.8812469987272682,0.004144670440749,45208,0.6888256889736833,0.5760603925610265,0.6150075905693626,1.873308032098493
PV_143,PV_143_block_004,/Volumes/Data-1/Nimrod/experiments/PV_143/2025_08_25/block_004,L,hypot,8.836101872565491,-19.082913307908584,21.02936700472722,8.818831978597519,-15.876361787394377,0,45208,1.0757405376417772,0.62205665483115,0.0029256494870035,45208,1.0757405376417772,0.62205665483115,1.0117615705424643,2.3788936288848395
PV_143,PV_143_block_004,/Volumes/Data-1/Nimrod/experiments/PV_143/2025_08_25/block_004,R,phi,-2.48492192917847,-35.78167377342014,35.86785489852404,-2.077075249120816,-30.641326338753476,0,31400,0.5066085601892474,0.6011561751571834,0.0033925205617784,31400,0.5611398925952915,0.5506007144407004,0.347323778051396,1.9142723044200427
PV_143,PV_143_block_004,/Volumes/Data-1/Nimrod/experiments/PV_143/2025_08_25/block_004,R,theta,-2.48492192917847,-35.78167377342014,35.86785489852404,-2.077075249120816,-30.641326338753476,0,31400,0.0548633484412353,1.0919991676348042,0.0061625078186669,31400,0.8324605706211454,0.7088438423754937,0.5921186829369702,2.127795378428147
PV_143,PV_143_block_004,/Volumes/Data-1/Nimrod/experiments/PV_143/2025_08_25/block_004,R,hypot,-2.48492192917847,-35.78167377342014,35.86785489852404,-2.077075249120816,-30.641326338753476,0,31400,1.048499925083886,0.8450646802675216,0.0047689758873236,31400,1.048499925083886,0.8450646802675216,0.7147296529663029,2.8925104714302887
PV_62,PV_62_block_024,/Volumes/Data-1/Nimrod/experiments/PV_62/2023_04_27/block_024,L,phi,-13.379541988845094,-42.00602076834302,44.085348185329494,-14.526339104361227,-34.32948057775643,0,91550,0.2395733120518199,1.543759391386571,0.0051021172916145,91550,1.338612322824592,0.8054107855755397,1.325127457266709,2.6855287919917226
PV_62,PV_62_block_024,/Volumes/Data-1/Nimrod/experiments/PV_62/2023_04_27/block_024,L,theta,-13.379541988845094,-42.00602076834302,44.085348185329494,-14.526339104361227,-34.32948057775643,0,91550,-0.2454589307474492,2.266350402980958,0.0074902770758342,91550,1.9470783797772264,1.1855122378668956,1.8991748575181528,3.712466784941224
PV_62,PV_62_block_024,/Volumes/Data-1/Nimrod/experiments/PV_62/2023_04_27/block_024,L,hypot,-13.379541988845094,-42.00602076834302,44.085348185329494,-14.526339104361227,-34.32948057775643,0,91550,2.4212608685016437,1.3321470343184365,0.0044027394791518,91550,2.4212608685016437,1.3321470343184365,2.4204197526898614,4.405610822003841
PV_62,PV_62_block_024,/Volumes/Data-1/Nimrod/experiments/PV_62/2023_04_27/block_024,R,phi,-10.491102335225383,-53.88236113913939,54.89418976664844,-13.02558835609782,-45.17611645426428,0,89820,1.0243216947956784,1.9169933453460215,0.0063963773966075,89820,1.7602872704139338,1.2749369903699057,1.5321280156915855,4.09977634355535
PV_62,PV_62_block_024,/Volumes/Data-1/Nimrod/experiments/PV_62/2023_04_27/block_024,R,theta,-10.491102335225383,-53.88236113913939,54.89418976664844,-13.02558835609782,-45.17611645426428,0,89820,0.5724572082647539,1.5237202990433945,0.0050841543624628,89820,1.1549217668693663,1.1469853162068062,0.853694020126536,3.105857150843597
PV_62,PV_62_block_024,/Volumes/Data-1/Nimrod/experiments/PV_62/2023_04_27/block_024,R,hypot,-10.491102335225383,-53.88236113913939,54.89418976664844,-13.02558835609782,-45.17611645426428,0,89820,2.299311433122279,1.4445250528381883,0.0048199058276541,89820,2.299311433122279,1.4445250528381883,2.135124620187546,4.654617277232912
PV_62,PV_62_block_026,/Volumes/Data-1/Nimrod/experiments/PV_62/2023_04_27/block_026,L,phi,-9.456716228533796,-42.13492879256957,43.183118300811984,-9.862699577012458,-35.255169140466776,0,98336,-0.1427318937004631,1.4460184661772753,0.0046112383370891,98336,1.1606750320133847,0.8741634718247434,0.984052951524947,2.971370937391192
PV_62,PV_62_block_026,/Volumes/Data-1/Nimrod/experiments/PV_62/2023_04_27/block_026,L,theta,-9.456716228533796,-42.13492879256957,43.183118300811984,-9.862699577012458,-35.255169140466776,0,98336,0.0318846472936161,1.767353099580073,0.0056359490273327,98336,1.4037758937700695,1.074219167680001,1.2224696095096237,3.756514014391577
PV_62,PV_62_block_026,/Volumes/Data-1/Nimrod/experiments/PV_62/2023_04_27/block_026,L,hypot,-9.456716228533796,-42.13492879256957,43.183118300811984,-9.862699577012458,-35.255169140466776,0,98336,1.8921460573335425,1.2867177290283802,0.0041032409059017,98336,1.8921460573335425,1.2867177290283802,1.709693613742755,4.573772024491024
PV_62,PV_62_block_026,/Volumes/Data-1/Nimrod/experiments/PV_62/2023_04_27/block_026,R,phi,-14.639129285831814,-50.91800902486017,52.980635606823746,-18.041147176077818,-41.57795302485306,0,98268,1.2231591428321391,2.265673343728373,0.00722755219213,98268,2.1904719353281337,1.3532158315981515,2.148175074255887,4.426497827063362
PV_62,PV_62_block_026,/Volumes/Data-1/Nimrod/experiments/PV_62/2023_04_27/block_026,R,theta,-14.639129285831814,-50.91800902486017,52.980635606823746,-18.041147176077818,-41.57795302485306,0,98268,0.5168028203628473,2.3802053459401895,0.0075929120203446,98268,1.715436635157031,1.7290785310378451,1.2227938537891418,5.292960281748695
PV_62,PV_62_block_026,/Volumes/Data-1/Nimrod/experiments/PV_62/2023_04_27/block_026,R,hypot,-14.639129285831814,-50.91800902486017,52.980635606823746,-18.041147176077818,-41.57795302485306,0,98268,3.002200412775365,1.8837663167339949,0.0060092596356219,98268,3.002200412775365,1.8837663167339949,2.7193769593222283,6.3865405800024035
PV_62,PV_62_block_038,/Volumes/Data-1/Nimrod/experiments/PV_62/2023_05_01/block_038,L,phi,0.5398996706061734,-39.90960235889185,39.91325409057982,1.0775306410051648,-33.07114323773599,3,139360,0.8125429508870595,2.8350368475632974,0.0075943330467402,139360,1.5789214722228004,2.4909142512789124,0.6443851942848227,8.020128937100392
PV_62,PV_62_block_038,/Volumes/Data-1/Nimrod/experiments/PV_62/2023_05_01/block_038,L,theta,0.5398996706061734,-39.90960235889185,39.91325409057982,1.0775306410051648,-33.07114323773599,3,139360,0.4997746559033627,4.239556319938199,0.0113566787294831,139360,2.5660324587077996,3.4116043822731172,1.4829547784966195,11.727204159958314
PV_62,PV_62_block_038,/Volumes/Data-1/Nimrod/experiments/PV_62/2023_05_01/block_038,L,hypot,0.5398996706061734,-39.90960235889185,39.91325409057982,1.0775306410051648,-33.07114323773599,3,139360,3.2333723017341818,4.057894471161527,0.0108700534559237,139360,3.2333723017341818,4.057894471161527,1.998661174982764,14.35572326272028
PV_62,PV_62_block_038,/Volumes/Data-1/Nimrod/experiments/PV_62/2023_05_01/block_038,R,phi,-13.404561765009715,-45.15803480205908,47.105523914886454,-14.785567809398136,-36.05440483076955,0,143418,0.1369788007718628,2.634849284781746,0.0069575117328179,143418,1.9928923778211456,1.729030466422065,1.6083201975201566,5.090050214838124
PV_62,PV_62_block_038,/Volumes/Data-1/Nimrod/experiments/PV_62/2023_05_01/block_038,R,theta,-13.404561765009715,-45.15803480205908,47.105523914886454,-14.785567809398136,-36.05440483076955,0,143418,-0.1757045609121409,3.809717612280297,0.0100598372511309,143418,2.7632365906922254,2.62855300450187,2.214317273977535,7.022805462388026
PV_62,PV_62_block_038,/Volumes/Data-1/Nimrod/experiments/PV_62/2023_05_01/block_038,R,hypot,-13.404561765009715,-45.15803480205908,47.105523914886454,-14.785567809398136,-36.05440483076955,0,143418,3.589666784059634,2.936020640440009,0.0077527766660661,143418,3.589666784059634,2.936020640440009,3.1151105630191234,8.323493948635665
PV_126,PV_126_block_007,/Volumes/Data-1/Nimrod/experiments/PV_126/2024_07_18/block_007,L,phi,-19.152176853847735,-32.521685925800064,37.74209763245073,-18.56395134115148,-25.670302020626252,0,120385,-0.6116264107644662,1.9573778601949223,0.0056414206405585,120385,1.3036439797938233,1.5830086285608636,0.7177460816437531,4.734509375736207
PV_126,PV_126_block_007,/Volumes/Data-1/Nimrod/experiments/PV_126/2024_07_18/block_007,L,theta,-19.152176853847735,-32.521685925800064,37.74209763245073,-18.56395134115148,-25.670302020626252,0,120385,0.4081213666985067,4.005354246544148,0.0115439581588773,120385,2.990688677756632,2.69539125345405,2.1594406019495693,9.365921695515413
PV_126,PV_126_block_007,/Volumes/Data-1/Nimrod/experiments/PV_126/2024_07_18/block_007,L,hypot,-19.152176853847735,-32.521685925800064,37.74209763245073,-18.56395134115148,-25.670302020626252,0,120385,3.413410571457854,2.9603000896603575,0.0085319745194186,120385,3.413410571457854,2.9603000896603575,2.364754721728482,10.703195813951671
PV_126,PV_126_block_007,/Volumes/Data-1/Nimrod/experiments/PV_126/2024_07_18/block_007,R,phi,9.094667247469928,-25.959073908185196,27.50611732892928,9.719428639548212,-21.17650379309313,0,114688,-0.0062843989215869,1.5759397391990329,0.0046535096329739,114688,0.8327267570167317,1.337978197667362,0.548169352544889,2.5613465362972128
PV_126,PV_126_block_007,/Volumes/Data-1/Nimrod/experiments/PV_126/2024_07_18/block_007,R,theta,9.094667247469928,-25.959073908185196,27.50611732892928,9.719428639548212,-21.17650379309313,0,114688,0.1521232806928513,2.1992339460578094,0.0064940023394198,114688,1.4095630303949422,1.694959109501031,1.0364673278111187,3.8480233643940536
PV_126,PV_126_block_007,/Volumes/Data-1/Nimrod/experiments/PV_126/2024_07_18/block_007,R,hypot,9.094667247469928,-25.959073908185196,27.50611732892928,9.719428639548212,-21.17650379309313,0,114688,1.7279689157032492,2.0874612788650553,0.0061639547046359,114688,1.7279689157032492,2.0874612788650553,1.2963434306156052,4.531649328291464
PV_126,PV_126_block_008,/Volumes/Data-1/Nimrod/experiments/PV_126/2024_07_18/block_008,L,phi,4.781990733213082,-36.52978406182781,36.84145164045935,5.776277129973188,-30.400569626314415,1,100255,0.216896938071402,0.9608075058025738,0.0030344736207734,100255,0.7140227675018364,0.6784999751827273,0.4591082721328821,1.9372572823921084
PV_126,PV_126_block_008,/Volumes/Data-1/Nimrod/experiments/PV_126/2024_07_18/block_008,L,theta,4.781990733213082,-36.52978406182781,36.84145164045935,5.776277129973188,-30.400569626314415,1,100255,-0.7034796063097739,1.877872940449532,0.0059307986943737,100255,1.5231968378793206,1.304278928693562,1.2257219125481882,4.183225214518994
PV_126,PV_126_block_008,/Volumes/Data-1/Nimrod/experiments/PV_126/2024_07_18/block_008,L,hypot,4.781990733213082,-36.52978406182781,36.84145164045935,5.776277129973188,-30.400569626314415,1,100255,1.7910725163853844,1.335484305554552,0.0042177979165318,100255,1.7910725163853844,1.335484305554552,1.43236641920177,4.245910847724811
PV_126,PV_126_block_008,/Volumes/Data-1/Nimrod/experiments/PV_126/2024_07_18/block_008,R,phi,5.405744730557667,-31.195833234977087,31.66073415630871,5.918984052523212,-26.231980081340936,0,116779,0.4872647155234136,1.0355544329353734,0.0030303344013762,116779,0.6841190482454161,0.917485171420094,0.3637248011758114,2.6503985703036803
PV_126,PV_126_block_008,/Volumes/Data-1/Nimrod/experiments/PV_126/2024_07_18/block_008,R,theta,5.405744730557667,-31.195833234977087,31.66073415630871,5.918984052523212,-26.231980081340936,0,116779,-0.0242764479307488,1.970446683563964,0.0057661018883921,116779,1.6483475976823432,1.079896483075479,1.5480722011289885,3.866465528407471
PV_126,PV_126_block_008,/Volumes/Data-1/Nimrod/experiments/PV_126/2024_07_18/block_008,R,hypot,5.405744730557667,-31.195833234977087,31.66073415630871,5.918984052523212,-26.231980081340936,0,116779,1.8537040789492925,1.3254445163474593,0.0038786373629997,116779,1.8537040789492925,1.3254445163474593,1.6495668003574393,4.586498975408671
PV_126,PV_126_block_009,/Volumes/Data-1/Nimrod/experiments/PV_126/2024_07_18/block_009,L,phi,-15.437753034276009,-13.622562083289564,20.58879346781585,-13.50186628613768,-10.432355394356154,0,123935,0.0160343666352327,0.9080642630409804,0.0025794053646992,123935,0.7357520080846631,0.5324494562884505,0.6428166003146547,1.6819575481951945
PV_126,PV_126_block_009,/Volumes/Data-1/Nimrod/experiments/PV_126/2024_07_18/block_009,L,theta,-15.437753034276009,-13.622562083289564,20.58879346781585,-13.50186628613768,-10.432355394356154,0,123935,0.0851790402566259,1.673182012190921,0.0047527634706275,123935,1.2640600267136886,1.0995148609703618,0.9758235776009184,3.074373455866134
PV_126,PV_126_block_009,/Volumes/Data-1/Nimrod/experiments/PV_126/2024_07_18/block_009,L,hypot,-15.437753034276009,-13.622562083289564,20.58879346781585,-13.50186628613768,-10.432355394356154,0,123935,1.579199163004716,1.0666495503028883,0.0030298754001082,123935,1.579199163004716,1.0666495503028883,1.332815067735766,3.365360056508949
PV_126,PV_126_block_009,/Volumes/Data-1/Nimrod/experiments/PV_126/2024_07_18/block_009,R,phi,0.8519743382863465,-29.74502997156846,29.757228840780932,0.7914395540767737,-25.360325302330907,0,91019,1.406426494824268,2.566733742585279,0.0085077513787049,91019,1.5675737069429974,2.4716118219712957,0.6469236693628204,7.638653663860839
PV_126,PV_126_block_009,/Volumes/Data-1/Nimrod/experiments/PV_126/2024_07_18/block_009,R,theta,0.8519743382863465,-29.74502997156846,29.757228840780932,0.7914395540767737,-25.360325302330907,0,91019,1.1976289692157225,3.1598283718414235,0.0104736357110136,91019,2.1707534126468975,2.5897150607001027,1.1712346761166224,7.918640217815633
PV_126,PV_126_block_009,/Volumes/Data-1/Nimrod/experiments/PV_126/2024_07_18/block_009,R,hypot,0.8519743382863465,-29.74502997156846,29.757228840780932,0.7914395540767737,-25.360325302330907,0,91019,2.8008848434813203,3.484247906121182,0.0115489637414417,91019,2.8008848434813203,3.484247906121182,1.3533251736353984,10.997964437829722
PV_126,PV_126_block_010,/Volumes/Data-1/Nimrod/experiments/PV_126/2024_07_18/block_010,L,phi,-10.131454448162224,-25.683902048937465,27.60994736855904,-9.206159274330371,-21.381447694059787,0,126710,-0.1222547761604813,0.4029666924307101,0.0011320450372875,126710,0.2860242702438804,0.3090598237226392,0.2219655408389025,0.7814135744953268
PV_126,PV_126_block_010,/Volumes/Data-1/Nimrod/experiments/PV_126/2024_07_18/block_010,L,theta,-10.131454448162224,-25.683902048937465,27.60994736855904,-9.206159274330371,-21.381447694059787,0,126710,0.0290839377654676,0.9865589195681213,0.0027715172242949,126710,0.690606694109666,0.705126239692658,0.5048922186888447,1.909641433763701
PV_126,PV_126_block_010,/Volumes/Data-1/Nimrod/experiments/PV_126/2024_07_18/block_010,L,hypot,-10.131454448162224,-25.683902048937465,27.60994736855904,-9.206159274330371,-21.381447694059787,0,126710,0.7883554260689861,0.7279860606941503,0.0020451144541308,126710,0.7883554260689861,0.7279860606941503,0.580197403298379,2.010133902549529
PV_126,PV_126_block_010,/Volumes/Data-1/Nimrod/experiments/PV_126/2024_07_18/block_010,R,phi,11.007525482976993,-34.17505590650313,35.90403965393034,12.192303088611734,-28.616100560843332,0,119210,-0.1705773104972714,0.9511079093141804,0.0027546945465504,119210,0.6379254898354116,0.7257759804320476,0.5132416661156851,1.472752702042165
PV_126,PV_126_block_010,/Volumes/Data-1/Nimrod/experiments/PV_126/2024_07_18/block_010,R,theta,11.007525482976993,-34.17505590650313,35.90403965393034,12.192303088611734,-28.616100560843332,0,119210,0.2449548252103827,1.7030471691822695,0.0049325367852817,119210,1.163016556315774,1.267972465556329,0.8673322560696057,3.2405296427816435
PV_126,PV_126_block_010,/Volumes/Data-1/Nimrod/experiments/PV_126/2024_07_18/block_010,R,hypot,11.007525482976993,-34.17505590650313,35.90403965393034,12.192303088611734,-28.616100560843332,0,119210,1.382346480378012,1.4082536443417557,0.0040787260795941,119210,1.382346480378012,1.4082536443417557,1.0601048399990158,3.5960958363744053
PV_126,PV_126_block_011,/Volumes/Data-1/Nimrod/experiments/PV_126/2024_08_13/block_011,L,phi,-12.671329878829,-29.97544189309903,32.543658638583665,-11.882754763724812,-24.677060346862454,0,108244,-0.22453924945228,0.6930457376457038,0.0021064928074215,108244,0.5765141843375308,0.4453751895615425,0.4948189959494407,1.3503204818767305
PV_126,PV_126_block_011,/Volumes/Data-1/Nimrod/experiments/PV_126/2024_08_13/block_011,L,theta,-12.671329878829,-29.97544189309903,32.543658638583665,-11.882754763724812,-24.677060346862454,0,108244,-0.1966074007913739,1.28064500269412,0.0038924840605752,108244,1.0331924698865236,0.7817991483129604,0.8750985795815573,2.475714939086312
PV_126,PV_126_block_011,/Volumes/Data-1/Nimrod/experiments/PV_126/2024_08_13/block_011,L,hypot,-12.671329878829,-29.97544189309903,32.543658638583665,-11.882754763724812,-24.677060346862454,0,108244,1.2574638732575465,0.7925952209761024,0.0024090706305395,108244,1.2574638732575465,0.7925952209761024,1.129746821508451,2.7158854473647476
PV_126,PV_126_block_011,/Volumes/Data-1/Nimrod/experiments/PV_126/2024_08_13/block_011,R,phi,3.2894816086795173,-34.775078856782976,34.93031346480182,4.073977277572656,-29.7104323940976,0,108675,0.0233139125893446,0.530431506331439,0.001609031282878,108675,0.3681068233528828,0.3826189307382203,0.2433289733388997,1.2013663619955397
PV_126,PV_126_block_011,/Volumes/Data-1/Nimrod/experiments/PV_126/2024_08_13/block_011,R,theta,3.2894816086795173,-34.775078856782976,34.93031346480182,4.073977277572656,-29.7104323940976,0,108675,0.1052048825649705,1.0958237983521233,0.0033241139544398,108675,0.8341353369316669,0.7184078252714259,0.6348128793482175,2.2595051344133004
PV_126,PV_126_block_011,/Volumes/Data-1/Nimrod/experiments/PV_126/2024_08_13/block_011,R,hypot,3.2894816086795173,-34.775078856782976,34.93031346480182,4.073977277572656,-29.7104323940976,0,108675,0.944116915991466,0.7761663091441788,0.0023544526620721,108675,0.944116915991466,0.7761663091441788,0.7193683232820083,2.414074403090174
PV_126,PV_126_block_012,/Volumes/Data-1/Nimrod/experiments/PV_126/2024_08_13/block_012,L,phi,-11.47263509547851,-36.3473780788894,38.11500031803404,-11.112580867773747,-30.368318634434377,0,50148,-0.3895664914504302,0.6094889328564217,0.0027216922426762,50148,0.5250363639713014,0.4975672379534635,0.3470694872626887,1.6727689143241191
PV_126,PV_126_block_012,/Volumes/Data-1/Nimrod/experiments/PV_126/2024_08_13/block_012,L,theta,-11.47263509547851,-36.3473780788894,38.11500031803404,-11.112580867773747,-30.368318634434377,0,50148,0.0620622337816847,1.4088447661111942,0.0062912411765862,50148,1.1328200202860683,0.839874147667568,0.8842396830355224,2.9056571229493984
PV_126,PV_126_block_012,/Volumes/Data-1/Nimrod/experiments/PV_126/2024_08_13/block_012,L,hypot,-11.47263509547851,-36.3473780788894,38.11500031803404,-11.112580867773747,-30.368318634434377,0,50148,1.3019916548631985,0.9037262505616624,0.0040356183567257,50148,1.3019916548631985,0.9037262505616624,1.0171273037478177,3.35934102797758
PV_126,PV_126_block_012,/Volumes/Data-1/Nimrod/experiments/PV_126/2024_08_13/block_012,R,phi,6.010292696904188,-33.50162210321432,34.036484863291015,6.9100365742726755,-28.592473757752114,0,50781,-0.0427888786495132,0.3822347090047395,0.0016962095200022,50781,0.3109984168545825,0.2263015178607478,0.2763387839606208,0.8103367776023758
PV_126,PV_126_block_012,/Volumes/Data-1/Nimrod/experiments/PV_126/2024_08_13/block_012,R,theta,6.010292696904188,-33.50162210321432,34.036484863291015,6.9100365742726755,-28.592473757752114,0,50781,0.1539916935218735,0.7069549202077469,0.0031371919860212,50781,0.5390950868499236,0.4825659872072648,0.368451731311854,1.5674859995195582
PV_126,PV_126_block_012,/Volumes/Data-1/Nimrod/experiments/PV_126/2024_08_13/block_012,R,hypot,6.010292696904188,-33.50162210321432,34.036484863291015,6.9100365742726755,-28.592473757752114,0,50781,0.6492987518497972,0.4998362665984561,0.0022180796611963,50781,0.6492987518497972,0.4998362665984561,0.5007827954208052,1.776371449879517
PV_57,PV_57_block_007,/Volumes/Data-1/Nimrod/experiments/PV_57/2024_11_25/block_007,L,phi,-1.3277312417803784,-30.342993476915407,30.372028634757516,-0.7598657109548548,-25.94797162849406,0,53478,-0.1135523958761153,0.3556966288189152,0.0015381269110759,53478,0.2140877813499148,0.3059085554277723,0.0785571778464342,0.9194573579928472
PV_57,PV_57_block_007,/Volumes/Data-1/Nimrod/experiments/PV_57/2024_11_25/block_007,L,theta,-1.3277312417803784,-30.342993476915407,30.372028634757516,-0.7598657109548548,-25.94797162849406,0,53478,0.2482803947559801,0.9348260073758944,0.0040424365108351,53478,0.7054421745005212,0.6617295548649624,0.5016575220659849,2.066805565544961
PV_57,PV_57_block_007,/Volumes/Data-1/Nimrod/experiments/PV_57/2024_11_25/block_007,L,hypot,-1.3277312417803784,-30.342993476915407,30.372028634757516,-0.7598657109548548,-25.94797162849406,0,53478,0.7468826143994824,0.7191066539081633,0.003109608600966,53478,0.7468826143994824,0.7191066539081633,0.5124908473148363,2.2116022174429757
PV_57,PV_57_block_007,/Volumes/Data-1/Nimrod/experiments/PV_57/2024_11_25/block_007,R,phi,8.075220827369355,-46.83401046510298,47.52508524617452,9.84543983269928,-39.335889216048585,1,49761,1.0118610641793129,3.4116465773328697,0.0152939436345045,49761,2.177274520434912,2.814710669454893,1.1655006582105276,9.186461696631987
PV_57,PV_57_block_007,/Volumes/Data-1/Nimrod/experiments/PV_57/2024_11_25/block_007,R,theta,8.075220827369355,-46.83401046510298,47.52508524617452,9.84543983269928,-39.335889216048585,1,49761,0.5667074576233683,3.4712641622450913,0.0155612010899897,49761,2.273087734506645,2.6839908708862468,1.3435636103779345,7.821342454150368
PV_57,PV_57_block_007,/Volumes/Data-1/Nimrod/experiments/PV_57/2024_11_25/block_007,R,hypot,8.075220827369355,-46.83401046510298,47.52508524617452,9.84543983269928,-39.335889216048585,1,49761,3.2645001124003703,3.79168554702334,0.0169976062061139,49761,3.2645001124003703,3.79168554702334,1.8372178573244693,12.074923955983923
PV_57,PV_57_block_008,/Volumes/Data-1/Nimrod/experiments/PV_57/2024_11_25/block_008,L,phi,-0.5764805267470189,-33.53067136176525,33.535626604678534,-0.0064950899431683,-28.67813018082699,0,53317,-0.0525054826694524,0.3359322107291619,0.0014548519334656,53317,0.1864651491116339,0.2843192284288585,0.0834361723288494,0.7016000917560287
PV_57,PV_57_block_008,/Volumes/Data-1/Nimrod/experiments/PV_57/2024_11_25/block_008,L,theta,-0.5764805267470189,-33.53067136176525,33.535626604678534,-0.0064950899431683,-28.67813018082699,0,53317,0.0542082985117167,0.7161986874484038,0.0031017062725787,53317,0.5322523823929313,0.4822667753638359,0.4127530112501709,1.370145809250474
PV_57,PV_57_block_008,/Volumes/Data-1/Nimrod/experiments/PV_57/2024_11_25/block_008,L,hypot,-0.5764805267470189,-33.53067136176525,33.535626604678534,-0.0064950899431683,-28.67813018082699,0,53317,0.5839755990722573,0.5389365320820801,0.0023340210633955,53317,0.5839755990722573,0.5389365320820801,0.4333776173759108,1.5345872027935277
PV_57,PV_57_block_008,/Volumes/Data-1/Nimrod/experiments/PV_57/2024_11_25/block_008,R,phi,9.0801838794262,-46.73370424496796,47.607655390077,11.402385874041842,-39.400392903961446,0,52993,0.1206330310147821,1.720798537016684,0.0074751648579363,52993,1.1851223129550843,1.2534587375891275,0.8441189267292382,3.5459982150480287
PV_57,PV_57_block_008,/Volumes/Data-1/Nimrod/experiments/PV_57/2024_11_25/block_008,R,theta,9.0801838794262,-46.73370424496796,47.607655390077,11.402385874041842,-39.400392903961446,0,52993,0.2215736457526951,1.671687597573367,0.0072618264799857,52993,1.1558187790192536,1.2278814971772374,0.8310143714033771,3.3326513197587357
PV_57,PV_57_block_008,/Volumes/Data-1/Nimrod/experiments/PV_57/2024_11_25/block_008,R,hypot,9.0801838794262,-46.73370424496796,47.607655390077,11.402385874041842,-39.400392903961446,0,52993,1.688433200135445,1.722926281176976,0.0074844077983687,52993,1.688433200135445,1.722926281176976,1.23992908326708,4.586345921314852
PV_57,PV_57_block_009,/Volumes/Data-1/Nimrod/experiments/PV_57/2024_11_25/block_009,L,phi,3.3749205037913623,-33.94651113113754,34.113863844240164,4.138888510412355,-28.868163365090663,0,37762,-0.1121365190275095,0.3817228883780546,0.0019643583052738,37762,0.2693047346436673,0.2928486549077155,0.1806697666310559,0.9200621689481104
PV_57,PV_57_block_009,/Volumes/Data-1/Nimrod/experiments/PV_57/2024_11_25/block_009,L,theta,3.3749205037913623,-33.94651113113754,34.113863844240164,4.138888510412355,-28.868163365090663,0,37762,0.0673382362005499,0.8214355141335373,0.0042271336709499,37762,0.6263557678780796,0.535685471584315,0.4889859415584361,1.6789574774009717
PV_57,PV_57_block_009,/Volumes/Data-1/Nimrod/experiments/PV_57/2024_11_25/block_009,L,hypot,3.3749205037913623,-33.94651113113754,34.113863844240164,4.138888510412355,-28.868163365090663,0,37762,0.7094382651720262,0.5781541115534682,0.0029751997203623,37762,0.7094382651720262,0.5781541115534682,0.5427779212667667,1.8677630340471687
PV_57,PV_57_block_009,/Volumes/Data-1/Nimrod/experiments/PV_57/2024_11_25/block_009,R,phi,10.04576797344359,-45.47657200870528,46.57291118063398,12.282125660071122,-38.07280503623888,0,38867,0.4077919775307636,1.9269399343500984,0.0097741200085387,38867,1.3472855999487918,1.4367222747813817,0.9502636028327966,4.682089403086396
PV_57,PV_57_block_009,/Volumes/Data-1/Nimrod/experiments/PV_57/2024_11_25/block_009,R,theta,10.04576797344359,-45.47657200870528,46.57291118063398,12.282125660071122,-38.07280503623888,0,38867,0.2387387243988383,1.946473819673891,0.0098732027749416,38867,1.4143967536599982,1.358377092978096,1.1049039374474248,4.2730972761431305
PV_57,PV_57_block_009,/Volumes/Data-1/Nimrod/experiments/PV_57/2024_11_25/block_009,R,hypot,10.04576797344359,-45.47657200870528,46.57291118063398,12.282125660071122,-38.07280503623888,0,38867,1.985817313134091,1.944629064239631,0.009863845523748,38867,1.985817313134091,1.944629064239631,1.509316302956061,6.31977673386102
PV_57,PV_57_block_012,/Volumes/Data-1/Nimrod/experiments/PV_57/2024_12_01/block_012,L,phi,-0.0235109832746697,-32.14669928857302,32.1467078861316,0.542541767495312,-27.46303188431566,0,52982,-0.0211959238957807,0.2380430914208059,0.0010341687434204,52982,0.1266249568628953,0.202681046740181,0.0600590446737063,0.4265346453845823
PV_57,PV_57_block_012,/Volumes/Data-1/Nimrod/experiments/PV_57/2024_12_01/block_012,L,theta,-0.0235109832746697,-32.14669928857302,32.1467078861316,0.542541767495312,-27.46303188431566,0,52982,-0.0404535618659554,0.6709908007021709,0.0029150928475472,52982,0.4909611421935894,0.4591489773805885,0.3591876439260115,1.383967058981489
PV_57,PV_57_block_012,/Volumes/Data-1/Nimrod/experiments/PV_57/2024_12_01/block_012,L,hypot,-0.0235109832746697,-32.14669928857302,32.1467078861316,0.542541767495312,-27.46303188431566,0,52982,0.5188683052328985,0.4896422832277988,0.0021272314258263,52982,0.5188683052328985,0.4896422832277988,0.3736502549251372,1.4366816557099944
PV_57,PV_57_block_012,/Volumes/Data-1/Nimrod/experiments/PV_57/2024_12_01/block_012,R,phi,10.47040309890966,-45.50488359301998,46.69393720675047,12.943967970470515,-38.42140254357143,0,52924,-0.1262002145846527,1.164989019921248,0.0050640210438606,52924,0.8430765448518194,0.813839493227738,0.6892550937896003,2.0330906636414987
PV_57,PV_57_block_012,/Volumes/Data-1/Nimrod/experiments/PV_57/2024_12_01/block_012,R,theta,10.47040309890966,-45.50488359301998,46.69393720675047,12.943967970470515,-38.42140254357143,0,52924,0.2132121810274651,1.2415324191080264,0.0053967429645158,52924,0.8678638604359744,0.913050452490088,0.6523831269795686,2.282830728610827
PV_57,PV_57_block_012,/Volumes/Data-1/Nimrod/experiments/PV_57/2024_12_01/block_012,R,hypot,10.47040309890966,-45.50488359301998,46.69393720675047,12.943967970470515,-38.42140254357143,0,52924,1.2479471596247087,1.184308959729561,0.0051480017338778,52924,1.2479471596247087,1.184308959729561,0.9967743787877515,2.98044377125478
PV_57,PV_57_block_013,/Volumes/Data-1/Nimrod/experiments/PV_57/2024_12_01/block_013,L,phi,-6.169015631368135,-30.765523499882732,31.37792520358701,-5.633606391308999,-26.130838515348145,0,47756,-0.1380288717253732,0.463177327331557,0.0021194995106394,47756,0.2533520247578417,0.4115786831122431,0.0952230729935617,1.18320797736572
PV_57,PV_57_block_013,/Volumes/Data-1/Nimrod/experiments/PV_57/2024_12_01/block_013,L,theta,-6.169015631368135,-30.765523499882732,31.37792520358701,-5.633606391308999,-26.130838515348145,0,47756,0.2291815176115178,0.950566963247479,0.0043497945485377,47756,0.6574814732863583,0.7237484920252988,0.4233231625738565,2.2776637558303516
PV_57,PV_57_block_013,/Volumes/Data-1/Nimrod/experiments/PV_57/2024_12_01/block_013,L,hypot,-6.169015631368135,-30.765523499882732,31.37792520358701,-5.633606391308999,-26.130838515348145,0,47756,0.7175350559894197,0.8214749458472314,0.0037590694599769,47756,0.7175350559894197,0.8214749458472314,0.4417736198848038,2.561600906031411
PV_57,PV_57_block_013,/Volumes/Data-1/Nimrod/experiments/PV_57/2024_12_01/block_013,R,phi,15.858912523931908,-45.98475896789136,48.64260646569825,19.020301767420808,-37.43513123393712,0,48575,0.2352676962553021,1.6515458736666109,0.0074934918035372,48575,1.2239729834225328,1.133496843969779,0.994107350032836,3.0614949578763055
PV_57,PV_57_block_013,/Volumes/Data-1/Nimrod/experiments/PV_57/2024_12_01/block_013,R,theta,15.858912523931908,-45.98475896789136,48.64260646569825,19.020301767420808,-37.43513123393712,0,48575,0.1139315193340504,2.0458487026314978,0.0092825459642916,48575,1.5220268761352755,1.3718105077709086,1.2669798956986469,3.670893312664103
PV_57,PV_57_block_013,/Volumes/Data-1/Nimrod/experiments/PV_57/2024_12_01/block_013,R,hypot,15.858912523931908,-45.98475896789136,48.64260646569825,19.020301767420808,-37.43513123393712,0,48575,1.98276813506792,1.7464200412596942,0.0079239604986924,48575,1.98276813506792,1.7464200412596942,1.665496483589996,4.6676564437861225
